"","zone","WP","MP","PP","NP","Total","EPLI"
"1","Total",24,23,73,102,222,0.286786786786787
"2","Lowland river",2,4,11,32,49,0.170068027210884
"3","Lower foothill",6,3,22,27,58,0.264367816091954
"4","Upper foothill",7,4,26,22,59,0.310734463276836
"5","Mountain stream",9,12,14,21,56,0.386904761904762
