"","zone","WP","MP","PP","NP","Total","EPLI"
"1","Total",18,11,74,119,222,0.225225225225225
"2","Lowland river",1,2,13,33,49,0.136054421768707
"3","Lower foothill",5,2,17,34,58,0.206896551724138
"4","Upper foothill",4,4,22,29,59,0.23728813559322
"5","Mountain stream",8,3,22,23,56,0.30952380952381
