"","zone","WP","MP","PP","NP","Total","EPLI"
"1","Total",18,23,105,76,222,0.307807807807808
"2","Lowland river",1,5,22,21,49,0.238095238095238
"3","Lower foothill",5,2,32,19,58,0.293103448275862
"4","Upper foothill",4,4,28,23,59,0.271186440677966
"5","Mountain stream",8,12,23,13,56,0.422619047619048
