"","zone","WP","MP","PP","NP","Total","EPLI"
"1","Total",24,21,72,105,222,0.279279279279279
"2","Lowland river",4,2,9,34,49,0.170068027210884
"3","Lower foothill",6,3,21,28,58,0.258620689655172
"4","Upper foothill",4,6,27,22,59,0.288135593220339
"5","Mountain stream",10,10,15,21,56,0.386904761904762
