"","zone","WP","MP","PP","NP","Total","EPLI"
"1","Total",17,16,67,122,222,0.225225225225225
"2","Lowland river",2,3,8,36,49,0.136054421768707
"3","Lower foothill",4,3,16,35,58,0.195402298850575
"4","Upper foothill",3,4,24,28,59,0.231638418079096
"5","Mountain stream",8,6,19,23,56,0.327380952380952
