"","zone","WP","MP","PP","NP","Total","EPLI"
"1","Total",17,35,104,66,222,0.337837837837838
"2","Lowland river",2,10,16,21,49,0.285714285714286
"3","Lower foothill",4,6,32,16,58,0.32183908045977
"4","Upper foothill",3,5,33,18,59,0.293785310734463
"5","Mountain stream",8,14,23,11,56,0.446428571428571
